,Nom,police-FR,geometry,numero_hab,rue,code_postal,ville,Adresse
3,Commissariat de police de Pantin,police,POINT (2.405585100000035 48.89317529971883),14,Rue Eugène et Marie-Louise Cornet,93500,Pantin,
64,,police_municipale,POINT (2.215440500000041 48.75419149975327),,,,,
67,Commissariat de police de Guyancourt,police,POINT (2.050297025082522 48.78546318382877),1,Rue de la Division Leclerc,78280,Guyancourt,
68,Commissariat de police de Villeparisis,police,POINT (2.608194600000037 48.94469439970605),,,,,
70,Commissariat de police de Massy,police,POINT (2.272461152906796 48.73051434490702),,Rue de la Division Leclerc,91300,Massy,
74,,,POINT (2.436890931626158 48.94758862839402),,,,,
99,Brigade territoriale autonome de gendarmerie de Bobigny,,POINT (2.443056941593134 48.90088118583735),,,,,
104,,police,POINT (2.37408320000004 48.83401809973348),,,,,
111,,,POINT (2.419461803735491 48.84361902156682),,,,,
117,,police_municipale,POINT (2.084783999999964 48.89959379971726),111bis,Rue Léon Desoyer,78100,Saint-Germain-en-Laye,
122,Commissariat de police de Meudon,police,POINT (2.240089838156067 48.81070911812031),94,Rue de Paris,92190,Meudon,
132,Gendarmerie - Brigade de Limours,gendarmerie,POINT (2.089939337148476 48.64469419135173),,Rue de Marcoussis,91470,Limours,
134,,police_municipale,POINT (2.656949699999991 48.72463269976061),,,,,
154,,police,POINT (2.196347299999988 48.95634379970316),,Rue des Frères Lumière,95240,Cormeilles-en-Parisis,
160,Commissariat de Police de Vitry-sur-Seine,police,POINT (2.390130900000011 48.78751189974505),20,Avenue Youri Gagarine,94400,Vitry-sur-Seine,
163,Commissariat de police du 20e arrondissement,police,POINT (2.396888936569251 48.86551461903356),3-7,Rue des Gâtines,75020,Paris,
169,Commissariat de police de Palaiseau,police,POINT (2.2513507 48.71326179976347),,,,,
190,,police_municipale,POINT (2.06861740000004 48.89413769971855),,,,,
197,,police_municipale,POINT (2.574425800000036 48.7905054997443),,,,,
203,Direction régionale de la police judiciaire de Paris,,POINT (2.30822327248272 48.89365374875236),,,,,
211,,,POINT (2.450618919980039 48.91023686960168),,Rue de Carency,93000,Bobigny,
228,Brigade de gendarmerie de Gif-sur-Yvette,gendarmerie,POINT (2.137355417214204 48.69923510484934),16,Rue Raoul Dautry,91190,Gif-sur-Yvette,
235,,police_municipale,POINT (2.469639076188102 48.60676383277487),39,Boulevard Georges Michel,91100,Corbeil-Essonnes,
245,,police_municipale,POINT (2.199540599999987 48.97611879969825),3,Avenue Maurice Berteaux,95240,Cormeilles-en-Parisis,
250,,police_municipale,POINT (2.688842103749421 48.94517153597588),,,,,
260,Brigade de gendarmerie de Lizy-sur-Ourcq,gendarmerie,POINT (3.016689997175154 49.02977110957175),,,,,
262,Commissariat subdivisionnaire de police d'Osny,police,POINT (2.062678413914506 49.05997721781208),,,,,
278,Police intercommunale,police_municipale,POINT (2.235713466428364 48.98447377367452),,,,,
300,,police_municipale,POINT (2.525043799999977 48.69697369976751),,,,,
320,Commissariat de police de Paris 18ème arrondissement,police,POINT (2.348045199999998 48.88963729971972),,,,,
331,,police_municipale,POINT (2.374963533505895 48.6751625553096),,,,,
344,,police_municipale,POINT (3.302571700000037 48.56054219980123),,,,,
356,Brigade de gendarmerie de Nozay,gendarmerie,POINT (2.245004676219295 48.65479145692975),1,Rue Louis Renard,91620,Nozay,
357,,,POINT (2.376598091176015 48.88806980001846),,,,,
368,,police,POINT (2.367986972268994 48.78344344883533),,,,,
383,,police_municipale,POINT (2.411364871912169 48.96798462648519),,,,,
402,Brigade de gendarmerie d'Égly,gendarmerie,POINT (2.222962355040817 48.58286472059436),9,Allée des Joncs,91520,Égly,
417,,police,POINT (2.317907199999977 48.87774069972264),1-3,Rue de Lisbonne,75008,Paris,
422,,police_municipale,POINT (2.417667400000021 48.61182939978856),8,Mail de l'Île-de-France,91090,Lisses,
436,Commissariat Central de Police du 10e,police,POINT (2.366190900984753 48.88084144167174),,,,,
439,Département de l'investigation judiciaire de la Brigade des réseaux ferrés,,POINT (2.364811999999974 48.89336219971874),,,,,
450,,police,POINT (2.457594040002569 48.77678008784633),,,,,
463,Brigade de gendarmerie de Louvres,gendarmerie,POINT (2.513778500000008 49.04592749968095),,,,,
494,Commissariat de police de Sartrouville,police,POINT (2.160691478954589 48.93753100937712),36,Rue Louise Michel,78500,Sartrouville,
498,Brigade de gendarmerie de Villiers-Saint-Georges,gendarmerie,POINT (3.405172655758542 48.65265692573929),,,,,
525,Brigade de gendarmerie de Crécy-la-Chapelle,gendarmerie,POINT (2.902900199999982 48.86333909972621),,,,,
527,Police Municipale Intercommunale,police_municipale,POINT (2.27452582766916 48.99299367450924),,,,,
531,,police_municipale,POINT (1.949782500000036 48.76770599974996),,,,,
543,,police_municipale,POINT (2.228742799999957 48.78786199974494),,Avenue du Général de Gaulle,,,
566,,police_municipale,POINT (2.505495899999957 48.84036709973194),2,Rue Denfert-Rochereau,94170,Le Perreux-sur-Marne,
587,,police_municipale,POINT (2.631012999999972 48.8836244997212),,,,,
627,Commissariat de police de Rosny-sous-Bois,police,POINT (2.486911699999961 48.8746883997234),,,,,
630,,police_municipale,POINT (2.381136236569603 48.91538150678365),,,,,
648,Gendarmerie - Brigade de Chevreuse,gendarmerie,POINT (2.033724581162562 48.70242184285325),,,,,
651,,police_municipale,POINT (2.14761409999996 48.88045929972197),3t,Boulevard Fernand Hostachy,78290,Croissy-sur-Seine,
658,Brigade de gendarmerie de Rozay-en-Brie,gendarmerie,POINT (2.955286799999974 48.68703299976994),,,,,
659,Gendarmerie - Brigade de Montmorency,gendarmerie,POINT (2.327470999999989 48.99032169969473),2,Rue des Gallérands,95160,,
671,,police_municipale,POINT (2.23870150000002 48.8827795997214),,,,,
674,,police_municipale,POINT (2.043907218151848 49.0135259432498),,,,,
680,,police_municipale,POINT (2.296155799999985 48.80556699974059),,,,,
684,,police_municipale,POINT (2.332759154633423 48.91291434260302),,,,,
690,Commissariat de police de Charenton-le-Pont,police,POINT (2.410132999999957 48.8226940997363),26,Rue de Conflans,94220,,
691,Commissariat de police de Montereau Fault Yonne,police,POINT (2.954179300000006 48.38119659984541),5,Avenue du Maréchal Leclerc,77305,Montereau Fault Yonne,
696,Commissariat de police de Clichy-la-Garenne,police,POINT (2.305769299999974 48.90419709971608),96,,,,
698,Brigade de gendarmerie de Dammartin-en-Goële,gendarmerie,POINT (2.681675292171819 49.06271562404158),,,,,
702,,police_municipale,POINT (2.416443957068064 48.87909705393186),,,,,
705,Commissariat de police de Trappes,police,POINT (1.984988599999973 48.77677449974772),,Place des Merisiers,78190,Trappes,
711,,police_municipale,POINT (2.199704499999978 49.0085097996902),,,,,
713,Brigade de gendarmerie d'Étampes,gendarmerie,POINT (2.149168566303541 48.44159987280739),76,Avenue du 8 Mai 1945,91150,Étampes,
719,,,POINT (2.06257930000003 48.95955389970241),54,Avenue Lénine,78260,Achères,
725,Gendarmerie - Brigade de Luzarches,gendarmerie,POINT (2.42242715986008 49.10989062354619),,,,,
726,Commissariat central de police de Paris 1er arrondissement,police,POINT (2.331514899999998 48.86690409972534),,,,,
735,Brigade de gendarmerie d'Orgeval,gendarmerie,POINT (1.97377648202103 48.92425096465462),,,,,
768,,,POINT (2.20614969999997 48.86306899972627),,,,,
773,,police_municipale,POINT (2.611079681153942 48.69472160622651),,,,,
778,Compagnie Républicaine de Sécurité 4 autoroutière d'Île-de-France,,POINT (2.523343600000037 48.82597149973549),,,,,
783,,,POINT (2.246997999999963 48.71765049976238),,,,,
787,,police_municipale,POINT (2.625173065298894 48.80769316985486),38,Rue du Lapin Vert,77184,Émerainville,
790,Commissariat de police d'Enghien Les Bains,police,POINT (2.307584000000041 48.96921749969996),,,,,
815,,,POINT (2.376402299999962 48.66926119977435),,,,,
831,,police_municipale,POINT (2.317138800000027 48.99114329969452),,,,,
834,Brigade motorisée de Pontoise,gendarmerie,POINT (2.09125666836662 49.05826991694317),,,,,
872,Commissariat de police de Juvisy-sur-Orge,police,POINT (2.377815976245951 48.69132018540675),,,,,
879,Préfecture de police – antenne du 19e arrondissement,,POINT (2.393431199999966 48.87638319972299),14,Rue Augustin Thierry,75019,Paris,
880,Commissariat de police de Chelles,police,POINT (2.598252199999974 48.87959329972217),2,Avenue de Claye,77500,Chelles,
884,,police,POINT (2.325471373765771 48.87641020583455),,,,,
890,Brigade de gendarmerie de la Ferté-Gaucher,gendarmerie,POINT (3.303171399999959 48.78264999974623),,,,,
895,,police_municipale,POINT (2.408647100000044 48.64989169977915),,,,,
925,,police_municipale,POINT (2.73583439999999 48.74105719975653),,,,,
931,,police_municipale,POINT (2.127021200000021 48.79685579974269),41,Rue d'Anjou,,,
938,,police_municipale,POINT (2.189422799999971 48.80982029973953),,,,,
948,,police_municipale,POINT (2.337531099999994 48.77967999974695),,,,,
976,Brigade de gendarmerie de Fleury-Mérogis,gendarmerie,POINT (2.364637494707401 48.64237322248328),1,Avenue des Peupliers,91700,Fleury-Mérogis,
982,Commissariat Central du 6e arrondissement,,POINT (2.332554900000043 48.85032219972946),,,,,
985,,,POINT (1.81365959999998 48.70775879976482),,,,,
993,Brigade de gendarmerie de Méréville,gendarmerie,POINT (2.088435282174034 48.3158324921809),21,Rue Paul Bert,91660,Méréville,
998,,police_municipale,POINT (2.541670347666523 48.95671330392781),,Rue Clarissa Jean-Philippe,93420,Villepinte,
1009,,police_municipale,POINT (2.25440789549501 48.94663142538515),,,,,
1016,Commissariat de police de Noisy-le-Grand,police,POINT (2.553513900000035 48.84930159972969),,,,,
1026,Commissariat de police de Boulogne-Billancourt,police,POINT (2.241266106903767 48.83530388094414),24,Avenue André Morizet,92100,Boulogne-Billancourt,
1038,,police,POINT (2.276445099999975 48.8638301997261),,,,,
1049,,police_municipale,POINT (2.238519699999986 48.89798939971765),,,,,
1056,,gendarmerie,POINT (2.229949500000045 48.83147079973411),80,Rue de Sèvres,92100,,
1058,Commissariat de police de Villeneuve-Saint-Georges,police,POINT (2.447304629470167 48.73628019800137),,,,,
1064,,police_municipale,POINT (2.435119394438064 48.56610322054345),,,,,
1070,,police_municipale,POINT (2.123451900000007 48.86103209972683),,,,,
1075,Brigade de gendarmerie de la Queue-les-Yvelines,gendarmerie,POINT (1.757667628114257 48.80337438244459),,,,,
1091,Brigade de gendarmerie de Versailles,gendarmerie,POINT (2.136510667565783 48.79881900159637),12,Rue Benjamin Franklin,78000,Versailles,
1111,Compagnie Républicaine de Sécurité 1,,POINT (2.184630946049609 48.78225458803025),,,,,
1121,Commissariat de police de Paris 4ème arrondissement,police,POINT (2.367093600000029 48.85106729972925),27,Boulevard Bourdon,75004,,
1122,Commissariat de police de Draveil,police,POINT (2.407059539393715 48.68592338546963),,,,,
1129,,police_municipale,POINT (2.199591900000008 48.99598989969331),,Avenue Aristide Maillol,95370,Montigny-lès-Cormeilles,
1144,Brigade de gendarmerie de Saint-Soupplets,gendarmerie,POINT (2.80818345786836 49.04240575608581),14,Rue du Point du Jour,77165,Saint-Soupplets,
1156,Brigade de gendarmerie de Maule,gendarmerie,POINT (1.854462057380197 48.90981595058059),,,,,
1168,Commissariat de police de Conflans-Sainte-Honorine,police,POINT (2.104524523666847 48.99927537640649),1,Square de Ramsgate,78700,Conflans-Sainte-Honorine,
1178,,police_municipale,POINT (2.318140699999975 48.70214569976618),,,,,
1179,,,POINT (2.364134394393782 48.94057040308213),,,,,
1187,Brigade de gendarmerie de Château-Landon,gendarmerie,POINT (2.695905162746072 48.14809258013459),5,Rue André Gauquelin,77570,Château-Landon,
1191,,,POINT (2.607164500000003 48.46602419982452),,,,,
1212,Brigade territoriale autonome de gendarmerie de Saint-Arnoult-en-Yvelines,gendarmerie,POINT (1.932309197756926 48.57128717691565),20,Rue Jean Moulin,78730,Saint-Arnoult-en-Yvelines,
1216,Commissariat de police de Corbeil-Essonnes,police,POINT (2.475516249563292 48.60993385473335),31,Allée Aristide Briand,91100,Corbeil-Essonnes,
1237,Brigade de gendarmerie de Magny-en-Vexin,gendarmerie,POINT (1.787435341899561 49.15095719479258),,,,,
1252,,police_municipale,POINT (2.07231650000001 48.70618619976521),,,,,
1256,Commissariat de police de Choisy-le-Roi,police,POINT (2.406246300000013 48.76392429975089),9,Avenue Léon Gourdault,94600,Choisy-le-Roi,
1259,Brigade de gendarmerie de Montfort-l'Amaury,gendarmerie,POINT (1.810662244036327 48.77961967771927),,,,,
1262,,police_municipale,POINT (2.319576399999958 48.81566059973804),,,,,
1263,,police_municipale,POINT (2.48991709999996 48.7153763997629),,,,,
1273,Commissariat de police de Savigny-sur-Orge,police,POINT (2.337684663126704 48.69216800295111),,,,,
1277,Commissariat de police de Meaux,police,POINT (2.88943079999999 48.95548439970336),,Avenue Salvador Allende,77100,Meaux,
1283,,police_municipale,POINT (2.220665113962659 48.70015880272499),18,Rue des Casseaux,,,
1296,,police_municipale,POINT (2.710797800000034 48.83907849973221),,,,,
1309,,,POINT (2.267843300000026 48.90152419971672),,,,,
1323,,police_municipale,POINT (2.552077000000042 48.63159119978367),,,,,
1347,,police_municipale,POINT (2.474548600000018 48.81925829973715),,,,,
1363,Commissariat de police des Mureaux,police,POINT (1.911217782424816 48.98616958807977),,,,,
1384,,police_municipale,POINT (2.272347199999991 48.63881629978186),,,,,
1407,,police_municipale,POINT (2.150955700000006 48.896379099718),3,Rue des Beaunes,,,
1418,,police_municipale,POINT (2.642692082260637 48.79543647572664),,,,,
1419,Brigade de gendarmerie de Provins,gendarmerie,POINT (3.305348399999986 48.55819099980183),,Rue du Colonel Arnaud Beltrame,,,
1434,Gendarmerie - Brigade de Cély,gendarmerie,POINT (2.52780860000002 48.45870899982635),9,Rue Édouard Goerg,77930,Cély-en-Bière,
1443,,police_municipale,POINT (2.30864769999998 48.60890689978928),,,,,
1445,Brigade de gendarmerie du Châtelet-en-Brie,gendarmerie,POINT (2.790589999999988 48.50628999981463),,,,,
1447,,police_municipale,POINT (1.911633870000315 48.99251221258802),,,,,
1448,,police_municipale,POINT (2.416325463004752 48.95585983478799),12,Avenue Ambroise Croizat,,,
1455,Commissariat de police de Noisiel - Secteur Ozoir-la-Ferrière,police,POINT (2.673380992684188 48.76124159282475),4,Rue Jean Mermoz,77330,Ozoir-la-Ferrière,
1461,Commissariat de police de Suresnes,police,POINT (2.225342099999963 48.86831529972497),1,Place du Moutier,92150,,
1472,,police_municipale,POINT (2.518791100000005 48.83710109973271),,,,,
1474,Gendarmerie - Brigade de l'Isle-Adam,gendarmerie,POINT (2.216108400000034 49.11202409966462),,,,,
1495,,police_municipale,POINT (1.961019600000009 48.73959309975695),,,,,
1504,,police_municipale,POINT (1.843979999999995 48.9912590996945),,,,,
1539,Commissariat de police de Rambouillet,police,POINT (1.824635373368446 48.64858563546259),4,Rue Pasteur,78120,Rambouillet,
1546,Commissariat de police de Paris 7ème arrondissement,police,POINT (2.312101955037888 48.86201044664073),7,Rue Fabert,75007,Paris,
1565,Commissariat de police de Nanterre,police,POINT (2.204688469387337 48.89254963106456),54,Rue du 19 Mars 1962,92000,Nanterre,
1572,Commissariat de police de Villepinte,police,POINT (2.55232029949447 48.96025853884071),,,,,
1575,,police_municipale,POINT (2.264083900000009 48.74609499975529),,,,,
1583,,police_municipale,POINT (2.070165548941182 48.77750403009697),,,,,
1584,Commissariat de police de Montrouge,police,POINT (2.313293936601264 48.81578691418635),,,,,
1590,Brigade de gendarmerie de Mormant,gendarmerie,POINT (2.890490792076033 48.60423685215588),,,,,
1592,Commissariat de police de Lognes,police,POINT (2.635777799999956 48.83545489973313),,,,,
1613,,police_municipale,POINT (2.183601600000022 48.88168409972163),,,,,
1614,,police_municipale,POINT (2.428123099999956 48.62342249978569),,,,,
1621,Commissariat de police de Bagneux,police,POINT (2.306863861450011 48.79374830483074),1,Rue des Mathurins,92220,Bagneux,
1624,,police_municipale,POINT (2.385934899999999 48.70571199976528),3,Avenue Aristide Briand,91200,Athis-Mons,
1631,Commissariat de police de Colombes,police,POINT (2.258385128412399 48.92191644446464),5,Rue du 8 Mai 1945,92700,Colombes,
1636,,police_municipale,POINT (2.262671916269578 48.78243743562512),,,,,
1647,,police_municipale,POINT (2.472836099999959 49.03235839968435),,,,,
1653,,police,POINT (2.096919555629829 49.0472889760297),,,,,
1662,Commissariat de Police Chaillot,police,POINT (2.2905036 48.86521189972572),,,,,
1666,,police_municipale,POINT (2.635941600000029 48.87658229972295),9 bis,Rue de la Liberté,77360,Vaires-sur-Marne,
1668,Brigade de gendarmerie de la Ferté-sous-Jouarre,gendarmerie,POINT (3.128806100000016 48.94215189970665),,,,,
1679,Commissariat de police de Gagny,police,POINT (2.532750800000033 48.88318699972131),,,,,
1682,,police_municipale,POINT (2.164227322085878 48.99071873281628),,,,,
1704,Commissariat de police de Torcy,police,POINT (2.652761900000028 48.85057689972938),,,,,
1712,Brigade de gendarmerie de Houdan-Maulette,gendarmerie,POINT (1.623145378621045 48.79272121529631),,,,,
1721,Brigade de gendarmerie de Bondoufle,gendarmerie,POINT (2.376327206752855 48.61654354342029),,Route Départementale 194,91070,Bondoufle,
1724,,police_municipale,POINT (2.157364200861233 49.02358862498438),,,,,
1738,Brigade de gendarmerie de Lorrez-le-Bocage-Préaux,gendarmerie,POINT (2.899932078593519 48.24133037066863),,,,,
1741,Commissariat de police de Cergy,police,POINT (2.085541417624579 49.03802992079495),,,,,
1756,,police,POINT (2.445698915526218 48.95847992003699),,,,,
1757,Commissariat de police d'Aubervilliers,police,POINT (2.387708105242436 48.9144340324774),,,,,
1761,,police_municipale,POINT (2.100058100000004 49.01801709968787),,,,,
1763,Commissariat de police de La Courneuve,police,POINT (2.389781699999967 48.92876169971002),,,,,
1768,Gendarmerie - Brigade de Longjumeau,gendarmerie,POINT (2.291596073210876 48.69859339963428),13,Avenue du Maréchal Leclerc,91160,Longjumeau,
1792,,police_municipale,POINT (2.359096000000013 48.57327299979812),,,,,
1801,Gendarmerie - Brigade de Nangis,gendarmerie,POINT (3.007158000000009 48.55305319980308),,,,,
1805,Préfecture de police du 18e arrondissement,,POINT (2.336614183860847 48.89189323048097),,,,,
1806,Brigade de gendarmerie d'Évry,gendarmerie,POINT (2.441681041125763 48.6172112672138),11,Rue Jean Malézieux,91000,Évry,
1818,Brigade de gendarmerie d'Écouen,gendarmerie,POINT (2.38461799999996 49.02262419968677),,,,,
1838,Brigade de gendarmerie de Guerville,gendarmerie,POINT (1.738698431849324 48.94114349232524),,,,,
1861,Gendarmerie - Brigade de Gif-Chevry,gendarmerie,POINT (2.114499156168733 48.68714292476727),2,Rocade de Baudreville,91190,Gif-sur-Yvette,
1863,,police_municipale,POINT (2.694089658251936 48.47643764261807),,,,,
1870,Commissariat de police de Nemours,police,POINT (2.703983265551266 48.26745727317518),1,Avenue du Général de Gaulle,77140,Nemours,
1876,,police_municipale,POINT (2.546588300000016 48.92942249970984),40,Vieux Chemin de Meaux,,,
1886,Brigade de gendarmerie de Gouaix,gendarmerie,POINT (3.294189299999997 48.47928249982128),27,Avenue de la Gare,77114,Gouaix,
1889,Commissariat de police de Montgeron,police,POINT (2.463881960493958 48.70194635253839),142,Avenue de la République,91230,Montgeron,
1899,Commissariat de police de Mantes-La-Jolie,police,POINT (1.701062200000039 48.99096799969455),44,Rue Pierre Semard,78200,Mantes-la-Jolie,
1901,,police_municipale,POINT (2.577141130815117 48.91514929451476),,,,,
1905,,police_municipale,POINT (2.495764858623191 48.94108159079927),,,,,
1935,,police_municipale,POINT (2.403029799999981 48.88272449972139),86,Rue André Joineau,93310,Le Pré-Saint-Gervais,
1939,,police_municipale,POINT (2.344308000000022 48.89228169971907),,,,,
1943,Commissariat de police d'Ermont,police,POINT (2.248631247725086 48.98905065467867),,,,,
1946,Commissariat de police de Châtenay-Malabry,police,POINT (2.277222300000024 48.76719269975003),28,Rue du Docteur Le Savoureux,92290,Châtenay-Malabry,
1948,,police_municipale,POINT (2.232045404745812 48.6427109725889),,,,,
1949,Commissariat subdivisionnaire de police de Cergy Saint-Christophe,police,POINT (2.034058700000018 49.04835459968036),,,,,
1951,Brigade de gendarmerie de Milly-la-Forêt,gendarmerie,POINT (2.477845284484692 48.40204360734855),30,Avenue du Général Leclerc,91490,Milly-la-Forêt,
1971,,police,POINT (2.390420754935208 48.76239326288792),,,,,
1987,,police_municipale,POINT (2.76286029999999 48.73923199975701),,,,,
2004,,police_municipale,POINT (2.736148700601535 48.18299219430492),,,,,
2008,,police_municipale,POINT (2.036768600000011 48.76793149974988),,,,,
2011,Brigade de gendarmerie de Jouy-le-Châtel,gendarmerie,POINT (3.132893394452925 48.66485579413536),,,,,
2013,Brigade de gendarmerie de Bray-sur-Seine,gendarmerie,POINT (3.234092500000044 48.41043019983821),,,,,
2017,,police_municipale,POINT (2.485340900000033 48.56547479980001),,,,,
2038,Commissariat de police de Villiers-le-Bel,police,POINT (2.406386658889266 49.00190757360394),,,,,
2045,,police_municipale,POINT (2.572782000000001 48.80849679973986),,,,,
2056,,,POINT (2.165980700000016 48.99207959969432),,,,,
2057,,,POINT (2.431169704093572 48.90618461837915),93,Rue de la République,93000,Bobigny,
2058,Commissariat de police de Bezons,police,POINT (2.214497600000032 48.92884939970993),,,,,
2063,,police_municipale,POINT (2.27053739999997 48.72998399975931),,,,,
2078,,police_municipale,POINT (2.793472088289862 48.89186896627339),,,,,
2102,Commissariat de police de Jouy-le-Moutier,police,POINT (2.020902300000041 49.02095239968719),,,,,
2104,Commissariat de police de Bobigny,police,POINT (2.450366899999979 48.91034229971455),,Rue de Carency,93000,Bobigny,
2120,,police_municipale,POINT (2.813460199999985 48.86470589972587),,,,,
2143,,police_municipale,POINT (2.188891799999982 48.69697309976749),,,,,
2145,,police_municipale,POINT (2.418368100000031 48.89440749971851),197-201,Avenue Jean Lolive,93500,Pantin,
2149,,police_municipale,POINT (2.534333456474066 48.72261349233624),,,,,
2155,Gendarmerie - Peloton motorisé de Montereau-Fault-Yonne,gendarmerie,POINT (3.01867869999999 48.37951009984581),,,,,
2169,Brigade de gendarmerie de Soisy-sur-Seine,gendarmerie,POINT (2.446774694228461 48.64950279325737),58,Boulevard de la République,91450,Soisy-sur-Seine,
2185,,gendarmerie,POINT (3.295069478923758 48.78282954240345),,Avenue de la Maison Blanche,,,
2189,,gendarmerie,POINT (2.459620837785349 48.78648020672572),,,,,
2190,Commissariat de police de Morêt-sur-Loing,police,POINT (2.811291232341227 48.37467970010668),5,Avenue Jean Jaurès,77250,Moret-Loing-et-Orvanne,
2200,Commissariat de police de Melun Val de Seine - Secteur du Mée-sur-Seine,police,POINT (2.626029200000022 48.54123009980601),,,,,
2220,Commissariat de police d'Étampes,police,POINT (2.163879192479069 48.43770652134393),,,,,
2224,,police_municipale,POINT (2.369253599999998 49.12602319966115),,,,,
2226,,,POINT (2.38399779999996 48.84459329973086),161,Rue de Charenton,,,
2227,Brigade de gendarmerie de Melun,gendarmerie,POINT (2.664941266396949 48.55229589122479),,,,,
2234,,police_municipale,POINT (2.788373800000043 48.84414449973101),12,Rue Émile Cloud,77700,Serris,
2236,Commissariat de police de Combs-la-Ville,police_municipale,POINT (2.563671500000019 48.65803809977712),,,,,
2246,,police_municipale,POINT (2.352061100683196 48.67567404453301),,,,,
2275,,police_municipale,POINT (2.172395199999984 48.79969549974201),3,Rue Henri Welschinger,78220,Viroflay,
2276,,police,POINT (2.410599199999977 48.65755189977724),,,,,
2277,Commissariat de police de Ivry-sur-Seine,police,POINT (2.391219600000042 48.8138943997385),,Place Marcel Cachin,,,
2279,Brigade de gendarmerie de Septeuil,gendarmerie,POINT (1.687097065069742 48.89148193160251),,,,,
2293,,police_municipale,POINT (2.456375900000008 48.70677889976506),,,,,
2295,Commissariat de police de Melun Val de Seine,police,POINT (2.660558100000005 48.54316179980556),,,,,
2299,Brigade de gendarmerie d'Auvers-sur-Oise,gendarmerie,POINT (2.161516760407687 49.07558334810749),,,,,
2308,Gendarmerie - Peloton d'autoroute de Saint-Arnoult-en-Yvelines,gendarmerie,POINT (1.931953800000001 48.55277989980313),,,,,
2309,Commissariat de police du 11e arrondissement,police,POINT (2.378399699999958 48.85429849972844),12-14,Passage Charles Dallery,75011,,
2327,,police_municipale,POINT (2.764165300000033 48.85730349972774),,,,,
2333,Brigade motorisée de Palaiseau,gendarmerie,POINT (2.248248700000006 48.71086839976405),,,,,
2344,,police_municipale,POINT (2.631796900000037 48.83796009973252),,,,,
2345,,police_municipale,POINT (2.186540199999977 48.92437399971107),,Place Michelet,,Houilles,
2349,,police_municipale,POINT (2.456594500000032 48.58792099979448),,Avenue du 8 Mai 1945,91100,Villabé,
2355,Brigade de gendarmerie de Mennecy,gendarmerie,POINT (2.429580687726182 48.56373947749218),,Avenue de Villeroy,91540,Mennecy,
2357,,police_municipale,POINT (2.077557200000007 48.64513279978033),,,,,
2361,Commissariat de police de Gonesse,police,POINT (2.448477323655432 48.98467589227735),,,,,
2362,,police_municipale,POINT (2.614846100000024 48.84384669973106),1,Place Gaston-Defferre,77186,Noisiel,
2365,Commissariat de police du Vésinet,police,POINT (2.143848426185672 48.8927583755443),32,Boulevard Carnot,78110,Le Vésinet,
2367,,police_municipale,POINT (2.320041200000042 49.04489769968124),,Rue Ferdinand de Lesseps,95570,Bouffémont,
2370,Gendarmerie - Brigade de Pontoise,gendarmerie,POINT (2.086436700000017 49.03721379968312),,,,,
2392,Commissariat de police de Clamart,police,POINT (2.26325770000004 48.80079409974173),1,Avenue Jean Jaurès,92140,Clamart,
2395,Brigade de gendarmerie d'Esbly,gendarmerie,POINT (2.810190899999989 48.89801759971763),,,,,
2398,Brigade de gendarmerie de Saint-Germain-en-Laye,gendarmerie,POINT (2.079448799999966 48.89197389971915),3,Rue du Panorama,78100,Saint-Germain-en-Laye,
2402,,police_municipale,POINT (2.315806000000021 48.77943469974701),,,,,
2408,Commissariat de police de Savigny-le-Temple,police,POINT (2.583101693235513 48.59571356331193),,,,,
2424,Brigade de gendarmerie de Domont,gendarmerie,POINT (2.337018101396308 49.04164556881715),,,,,
2449,Commissariat de police de Drancy,police,POINT (2.444653300000037 48.92184109971172),,,,,
2456,Commissariat de police du 16e arrondissement,police,POINT (2.268804999999972 48.85423099972844),,,,,
2458,,police,POINT (2.189732599999991 48.78279289974621),,,,,
2459,Commissariat de police de Fontenay-Le-Fleury,police,POINT (2.046530599999976 48.81090949973922),3,Avenue Jean Lurçat,78330,Fontenay-le-Fleury,
2486,Gendarmerie - Brigade de Chelles,gendarmerie,POINT (2.600396499999992 48.87846709972246),17,Avenue du Gendarme Castermant,77500,Chelles,
2504,Brigade de gendarmerie d’Orsay,gendarmerie,POINT (2.179319295102714 48.7084977057762),,,,,
2511,Commissariat de police de Les Ulis,police,POINT (2.170076099999973 48.68439999977058),,,,,
2523,Commissariat de police du 17e arrondissement,police,POINT (2.322129415719261 48.88507152157934),,,,,
2556,,police_municipale,POINT (3.30480479758599 48.78292076738143),,Rue du Champ de Foire,77320,La Ferté-Gaucher,
2560,Brigade de gendarmerie de Rebais,gendarmerie,POINT (3.240420526298495 48.85019765575258),,,,,
2563,Brigade de gendarmerie de Noisy-le-Roi,gendarmerie,POINT (2.057975100000033 48.84780979973006),102,Rue André Le Bourblanc,78590,Noisy-le-Roi,
2580,,police_municipale,POINT (2.062281999999966 49.06595939967602),,,,,
2583,Commissariat de police de Sainte-Geneviève-des-Bois,police,POINT (2.337350885751734 48.63106366630304),,,,Sainte-Geneviève-des-Bois,
2584,,police_municipale,POINT (2.170520000000034 48.68103709977144),,,,,
2591,,police_municipale,POINT (2.118378999999963 48.83587149973302),,,,,
2608,,police_municipale,POINT (2.173788200000029 48.73120799975898),,,,,
2639,,police_municipale,POINT (2.337212599999973 48.79390039974345),22,,,,
2642,,,POINT (2.372188700051585 48.73292359980295),,,,,
2643,,police_municipale,POINT (2.249631967681817 48.71909407639769),,,,,
2646,Commissariat de police du 17e arrondissement,police,POINT (2.322376000000004 48.88416899972106),,,,,
2657,,police,POINT (2.227166099999991 49.02408569968636),,,,,
2662,,police_municipale,POINT (2.510040699999982 48.63923109978175),,,,,
2675,Commissariat de police de Paris 9ème arrondissement,police,POINT (2.339787899999974 48.87348319972368),,,,,
2687,Commissariat de police Javel-Grenelle,police,POINT (2.27683340000002 48.84333369973115),34,Rue Balard,75015,Paris,
2692,,,POINT (2.346751313193531 48.85436888134576),,,,,
2703,,police_municipale,POINT (2.505593304731445 48.69884539456923),25,Rue de la Gare,,,
2709,Commissariat de police du 15e arrondissement,police,POINT (2.30243080678453 48.84011647422762),,,,,
2714,,,POINT (2.263347536901006 48.52211609071958),35,Rue de Verdun,91510,Lardy,
2720,Commissariat de police du 10e arrondissement – BDEP Chabrol,police,POINT (2.352787900000041 48.8768354997229),,,,,
2721,Brigade de gendarmerie de Bonnières-sur-Seine,gendarmerie,POINT (1.587784083965466 49.03761176994177),,,,,
2723,,police_municipale,POINT (2.135536090913331 48.80992373336888),,,,,
2725,,police_municipale,POINT (3.080639699999972 48.81450629973836),,,,,
2731,,police_municipale,POINT (2.264575200000039 48.69142359976887),,,,,
2734,Brigade de gendarmerie de Chaumes-en-Brie,gendarmerie,POINT (2.842672800000007 48.66361979977572),,,,,
2762,,police_municipale,POINT (2.533294099999961 48.79481449974323),,,,,
2768,,police_municipale,POINT (2.544718299999956 48.78774139974497),,,,,
2769,Commissariat de police de Marly-Le-Roi,police,POINT (2.096195100000043 48.86844359972495),2,Rue Willy Blumenthal,78160,Marly-le-Roi,
2780,Brigade de gendarmerie de Guigneville-sur-Essonne,gendarmerie,POINT (2.354264743117256 48.47801068994699),,Route de Milly-la-Forêt,91590,Guigneville-sur-Essonne,
2781,Brigade de gendarmerie de Marolles-en-Hurepoix,gendarmerie,POINT (2.309446541291261 48.56356837444545),,Rue du Potager,91630,Marolles-en-Hurepoix,
2791,,police_municipale,POINT (2.316178194571203 48.9523741979426),,,,,
2802,Commissariat de police de Brunoy,police,POINT (2.507781862653817 48.69397313042736),,,,,
2805,Gendarmerie - Brigade de Tournan-en-Brie,gendarmerie,POINT (2.760533379529512 48.7419321892489),10,Rue des Frères Vinot,77220,,
2807,Gendarmerie - Brigade de Vigny,gendarmerie,POINT (1.921819138917827 49.07878259637142),,,,,
2815,,police,POINT (2.300127426852474 49.00515418644505),,,,,
2817,,police_municipale,POINT (2.32769090000003 48.7320266997588),,,91320,Wissous,
2818,,police,POINT (2.360576776115457 48.87673165062853),,,,,
2829,,police_municipale,POINT (2.225817999999977 48.74205739975629),,,,,
2848,,police,POINT (2.391113900000014 48.65130519977877),,,,,
2850,,police_municipale,POINT (2.285452899999997 48.96756469970038),3,Allée Maurice Ravel,95210,Saint-Gratien,
2872,,police_municipale,POINT (3.095010699999971 48.81755779973759),,,,,
2920,Brigade de gendarmerie de Fosses,gendarmerie,POINT (2.513083137972314 49.0988266647819),,,,,
2933,Commissariat de police de L'Hay-les-Roses,police,POINT (2.331375900055876 48.77745724775381),,,,,
2939,,police_municipale,POINT (2.510416807493393 48.79508777243188),,,,,
2947,Commissariat de police de Moissy Cramayel Sénart,police,POINT (2.574244190659696 48.62781400584924),,Avenue Jean Jaurès,77550,Moissy-Cramayel,
2966,,police_municipale,POINT (2.305879099999983 48.90298589971638),,,,,
2972,,police_municipale,POINT (2.770689700000019 48.8575460997277),,,,,
2973,,,POINT (2.574537209531482 48.86391990958433),,,,,
2980,Commissariat de police de Coulommiers,police,POINT (3.086663599999976 48.8134811997386),19,Rue du palais de Justice,77120,Coulommiers,
2984,Commissariat de police de Garges les Gonesse,police,POINT (2.40222650000002 48.97056229969962),,,,,
3033,Commissariat de police de Deuil-la-Barre,police,POINT (2.318293699999963 48.96787049970031),9,Rue du Château,95170,Deuil-la-Barre,
3051,Brigade de gendarmerie d'Ablis,gendarmerie,POINT (1.832862248103354 48.51892735671317),,,,,
3052,Brigade de gendarmerie de Palaiseau,gendarmerie,POINT (2.248287707491318 48.71092980879715),,,,,
3063,Commissariat de police de Paris 13ème arrondissement,police,POINT (2.355897195169677 48.83303154980629),,,,,
3074,,,POINT (2.364742116435608 48.94052065234946),,,,,
3075,Commissariat de police d'Élancourt,police,POINT (1.94934120000001 48.76568909975046),1,Rue du Théâtre,78990,Élancourt,
3082,,police_municipale,POINT (2.526951999999961 48.77471609974819),,,,,
3090,,police_municipale,POINT (2.239227000000004 48.78233109974633),,,,,
3091,Commissariat de police de Provins,police,POINT (3.301029391675353 48.56473670955244),44,Avenue Alain Peyrefitte,,Provins,
3104,Commissariat de police de Lagny sur Marne,police,POINT (2.704978100000031 48.87601379972308),9,Allée Vieille et Gentil,77400,Lagny-sur-Marne,
3113,,police_municipale,POINT (2.308933900000025 48.69456339976806),,,,,
3144,,,POINT (2.304293199999974 48.87553599972319),,,,,
3148,,police_municipale,POINT (2.637865599999972 48.85163629972914),7,Rue de la Mogotte,77200,Torcy,
3161,,police_municipale,POINT (2.541005113494392 48.8231943438303),1,,,,
3163,,police_municipale,POINT (2.043918599999995 48.70763149976484),,Place de Luynes,78460,Chevreuse,
3168,,police_municipale,POINT (2.088501132913628 49.04274368417823),,Rue du Premier Dragon,95300,Pontoise,
3173,Commissariat de police de Courbevoie,police,POINT (2.252879200000022 48.89390239971865),9,Rue Auguste Beau,92400,Courbevoie,
3210,Gendarmerie - Brigade de La-Chapelle-la-Reine,gendarmerie,POINT (2.568600235032853 48.31953988268856),,,,,
3211,Gendarmerie - Brigade d'Asnières-sur-Oise,gendarmerie,POINT (2.373987699999957 49.13866629965804),,,,,
3213,Police Municipale - Centre de supervision urbain,police_municipale,POINT (2.04196609153215 48.93200720830744),20,Rue Jean-Claude Mary,78300,Poissy,
3217,,police_municipale,POINT (2.39480270000003 48.82575649973553),,,,,
3226,Commissariat du 14e arrondissement,police,POINT (2.323105977513295 48.83613770227581),,,,,
3229,,police_municipale,POINT (2.253830099999974 48.92266059971151),,,,,
3236,Commissariat de police de Bois-Colombes,police,POINT (2.273825758967402 48.92015970246273),,,,,
3249,Commissariat de police de Sevran,police,POINT (2.530687186202997 48.93906219674205),5-7,Rue Gabriel Péri,93270,Sevran,
3259,Poste de Police du Val d'Argent Nord,police,POINT (2.227431300000005 48.95251759970413),,,,,
3260,Commissariat de police de Vincennes,police,POINT (2.438091199999988 48.84647649973044),23,Rue Raymond du Temple,94300,Vincennes,
3262,,police,POINT (2.332522215630989 48.7938331537303),,,,,
3292,Brigade de gendarmerie de Montsoult,gendarmerie,POINT (2.318663099999972 49.06784259967558),,,,,
3293,,police_municipale,POINT (2.207332176543763 49.01236954265549),,,,,
3296,Commissariat de police de Nogent-sur-Marne,police,POINT (2.483503699999992 48.83635459973289),,,,,
3302,Commissariat de police de Paris 3ème arrondissement,police,POINT (2.351995000000041 48.86327359972626),4,Rue aux Ours,75003,Paris,
3308,Brigade de gendarmerie de Roissy-en-France,gendarmerie,POINT (2.509615204134142 49.00244111770016),,,,,
3309,Brigade de gendarmerie de Dourdan,gendarmerie,POINT (2.000916660112669 48.52933941795651),,,,,
3326,Commissariat de police de Plaisir,police,POINT (1.962936953055336 48.81881325131449),889,Avenue François Mitterrand,78370,Plaisir,
3337,,police_municipale,POINT (2.702065399999972 48.40469979983961),,,,,
3358,,police_municipale,POINT (2.345482300000035 48.75081139975418),35,Place Louis XIII,94150,Rungis,
3390,,,POINT (2.366286899999965 48.82485889973575),,,,,
3392,Peloton motorisé de Mantes-la-Jolie,gendarmerie,POINT (1.70175349999999 48.99247309969422),,,,,
3409,Gendarmerie - Peloton d'autoroute de Nemours,gendarmerie,POINT (2.71370420000002 48.26979659987259),,,77140,Nemours,
3412,,police_municipale,POINT (2.257898603062938 48.89824657984037),,,,,
3430,,police_municipale,POINT (2.300538344341532 48.75505499671019),,,,,
3439,Commissariat de police d'Athis Mons,police,POINT (2.382522600000034 48.7079272997648),21,Rue Jean-Baptiste de la Salle,91200,Athis-Mons,
3441,Gendarmerie - Brigade motorisée de Rambouillet;Gendarmerie - Brigade de Rambouillet,gendarmerie,POINT (1.82326400364485 48.64893550610612),1,Rue Pasteur,78120,Rambouillet,
3445,,police_municipale,POINT (2.121043025039664 48.82819801961487),,,,,
3451,Commissariat de police de Longjumeau,police,POINT (2.296194400000033 48.69545339976789),,,,,
3458,Commissariat de police de Noisy-le-Sec,police,POINT (2.458567599999994 48.88774149972016),,,,,
3473,Commissariat de police de Paris 8ème arrondissement,police,POINT (2.313122399999956 48.86709779972528),,,,,
3501,,police_municipale,POINT (2.294363200000038 48.82491109973578),,,,,
3516,Commissariat de police de Versailles,police,POINT (2.134389700000018 48.80154569974156),19,Avenue de Paris,78000,Versailles,
3520,,police_municipale,POINT (2.589531536291202 48.87555186631701),12,Rue Adolphe Besson,77500,Chelles,
3536,Commissariat de police de Neuilly-sur-Marne,police,POINT (2.526579399999958 48.85536279972823),,,,,
3537,Commissariat de police de Maisons-Alfort,police,POINT (2.437462583857286 48.80385976041534),,,,,
3539,Commissariat de police de Levallois-Perret,police,POINT (2.290146899999964 48.89370459971869),,Rue Rivay,92300,Levallois-Perret,
3545,,police_municipale,POINT (2.134565099999972 48.70122989976645),,,,,
3551,Commissariat de police d'Aulnay-sous-Bois,police,POINT (2.50035100090584 48.92698756653959),,,,,
3559,Commissariat de police de Poissy,police,POINT (2.043512045051283 48.92689931767581),16,Boulevard Louis-Lemelle,78300,Poissy,
3566,Gendarmerie - Brigade de Méry-sur-Oise,gendarmerie,POINT (2.181838900000034 49.06675339967584),,,,,
3569,Commissariat de police de Monterau-Fault-Yonne - Secteur Surville,police,POINT (2.955105923465895 48.3968349045651),9,Rue Fleur Begne,77130,Montereau Fault Yonne,
3580,Commissariat de police du Kremlin-Bicêtre,police,POINT (2.345757800000003 48.80562229974055),,,,,
3586,Brigade de gendarmerie de Ballancourt-sur-Essonne,gendarmerie,POINT (2.386814572790112 48.52940611774947),30,Rue Jeanne Pinet,91610,Ballancourt-sur-Essonne,
3591,,police_municipale,POINT (2.234618999999962 49.00114099969207),,,,,
3594,Brigade motorisée de Meaux,gendarmerie,POINT (2.89183170000003 48.95826369970268),,,,,
3609,,police_municipale,POINT (2.172860066529388 48.91084337322569),,,,,
3619,Gendarmerie - Brigade motorisée de Provins,gendarmerie,POINT (3.305413800000005 48.55834919980176),13,Rue du Colonel Arnaud Beltrame,77160,Provins,
3624,,police_municipale,POINT (2.063806400000008 48.80079319974176),,,,,
3641,,police_municipale,POINT (2.050881153931717 48.75839397965598),,,,,
3647,,Police municipale,POINT (2.33438104116698 48.63375009544638),,,,,
3693,Commissariat de police de Saint-Denis,police,POINT (2.353791249502128 48.94049678775518),,,,,
3728,,police_municipale,POINT (2.242807400000037 48.65968949977673),,,,,
3736,Commissariat de police de Montreuil-sous-Bois,police,POINT (2.442777771590123 48.8644129088495),,,,,
3737,Commissariat de police du 19e arrondissement,police,POINT (2.386161599999974 48.88432829972102),,,,,
3739,Commissariat de police du Blanc-Mesnil,police,POINT (2.462382500000018 48.93888569970746),,,,,
3754,Commissariat de police de Issy-les-Moulineaux,police,POINT (2.270205980938518 48.82335023755655),22,Avenue Victor Cresson,92130,Issy-les-Moulineaux,
3777,,police_municipale,POINT (2.473325199999986 48.80631079974036),,,,,
3783,Commissariat de police d'Antony,police,POINT (2.297664800000011 48.76063489975169),50,Avenue Galliéni,92160,Antony,
3831,,police_municipale,POINT (2.180246999999979 48.88668489972041),,,,,
3846,Gendarmerie - Brigade de Mortcerf,gendarmerie,POINT (2.91731284830781 48.78707233957066),,,,,
3870,Commissariat de police de Villeneuve-la-Garenne,police,POINT (2.331333499999997 48.93127599970937),19bis,Rue du Fond de la Noue,92390,Villeneuve-la-Garenne,
3872,,gendarmerie,POINT (2.154342199999993 48.71002419976426),,,,,
3884,,police_municipale,POINT (3.130233400000023 48.92697219971043),,,,,
3905,,police_municipale,POINT (2.149817299999998 48.90803529971512),,,,,
3926,Commissariat de police d'Evry,police,POINT (2.43391999327607 48.63006704711007),,Boulevard de France,91000,Évry,
3930,,police_municipale,POINT (2.597937199999974 48.91256679971401),18,Rue des Ormeaux,77181,Courtry,
3933,,,POINT (2.275319200000013 48.86755659972518),75,Rue de la Faisanderie,75016,,
3958,,police_municipale,POINT (2.41584009999999 48.87883119972236),,,,,
3960,,police_municipale,POINT (2.421482499999972 49.00196949969186),7,,,,
3961,Police municipale intercommunale,police_municipale,POINT (2.257683928435973 49.00761475230265),,,,,
3986,,,POINT (2.65462819999996 48.54710189980456),,Avenue du 13e Dragons,77000,Melun,
3988,,police_municipale,POINT (2.044176699999961 48.9728582996991),,,,,
3989,,police_municipale,POINT (2.130462074271727 48.89289758760069),,,,,
4003,Commissariat de police du Raincy,police,POINT (2.512761699999996 48.88928329971977),,,,,
4012,Commissariat de police de Brie-Comte-Robert,police,POINT (2.608802900000041 48.69318259976841),,,,,
4015,Commissariat de police de Saint-Cloud,police,POINT (2.219900799999994 48.84564249973059),27,Rue Dailly,92210,Saint-Cloud,
4025,,police_municipale,POINT (2.206113999999983 49.05082599967974),,,,,
4032,,police_municipale,POINT (2.344581900000037 48.97616349969824),6,Rue de Montmorency,95360,,
4038,Commissariat de police de Paris 12ème arrondissement,police,POINT (2.381178299999974 48.84422179973095),,,,,
4056,Brigade de gendarmerie de Breuillet,gendarmerie,POINT (2.167245727200702 48.57279908344908),75,Route de Saint-Chéron,91650,Breuillet,
4061,Commissariat de police d'Herblay,police,POINT (2.164890146829543 48.98945569928264),,,,,
4066,,police_municipale,POINT (2.691036200000037 48.88151139972173),,,,,
4074,,police_municipale,POINT (2.433828512750805 48.88480141374644),,,,,
4077,,,POINT (2.346286800000006 48.85506789972828),,,,,
4113,Gendarmerie - Brigade de Marines,gendarmerie,POINT (1.990057136768416 49.14178647032052),,,,,
4124,,police_municipale,POINT (2.451140633738126 48.64569075630347),,,,,
4127,Commissariat Central du 5e arrondissement,police,POINT (2.348277000000035 48.84941459972969),,,,,
4146,Commissariat de police de Stains,police,POINT (2.381740099999996 48.96021179970221),47,Avenue Marcel Cachin,,,
4159,Commissariat de police des Mureaux,police,POINT (1.911064399999974 48.99767289969289),26,Avenue Félix Faure,78130,Les Mureaux,
4178,Commissariat de police de Fontainebleau,police,POINT (2.700421769108148 48.4062568656331),11bis,Place de la République,77300,Fontainebleau,
4182,,,POINT (2.496624199999964 48.69721709976742),5,Avenue Pierre Prost,91800,Brunoy,
4189,Brigade de gendarmerie de Persan,gendarmerie,POINT (2.283344407548249 49.14789736212997),,,,,
4208,,,POINT (2.414983090918919 48.83978858861402),,,,,
4225,,police_municipale,POINT (2.350261400000034 48.93561549970831),,,,,
4228,,police_municipale,POINT (2.189763300000015 48.78268769974621),,,,,
4241,,police_municipale,POINT (2.244553600000009 49.01863089968769),,,,,
4266,,police_municipale,POINT (2.457977599999976 49.03090279968467),,,,,
4274,,police_municipale,POINT (1.839253799999969 48.64482009978045),,,,,
4279,Brigade de gendarmerie de Magny-les-Hameaux,gendarmerie,POINT (2.082221324547739 48.72526083441425),1,Rue Marc-Antoine Charpentier,78114,Magny-les-Hameaux,
4296,,police_municipale,POINT (2.09392280510256 48.99658289954741),,,,,
4321,,,POINT (2.157453630841006 48.94079755058088),36,Rue Louise Michel,78500,Sartrouville,
4340,,,POINT (1.746412421522836 48.98686214220312),,,,,
4344,,,POINT (2.388428900000013 48.84012549973201),191,Rue de Charenton,75012,Paris,
4355,,police_municipale,POINT (2.846854199999981 48.3886549998436),,,,,
4360,,police_municipale,POINT (2.29087760000003 48.79053039974429),,,,,
4381,,police_municipale,POINT (2.356857800000045 48.77192139974889),,,,,
4401,Commissariat de police de Champs sur Marne,police,POINT (2.582242500000002 48.84934309972972),,,,,
4414,,police_municipale,POINT (2.611530580891916 48.80192205743251),82,Avenue du Général de Gaulle,77340,Pontault-Combault,
4438,Commissariat de police de Clichy-sous-Bois,police,POINT (2.547949500000036 48.90455219971598),,,,,
4453,Commissariat de police de Saint-Ouen,police,POINT (2.338749699999988 48.9072567997153),,,,,
4455,Commissariat de police de Puteaux,police,POINT (2.237604300000005 48.88382729972112),2,Rue Chante Coq,92800,Puteaux,
4476,Commissariat de police de Neuilly-sur-Seine,police,POINT (2.258719799999958 48.88773229972015),,Rue du Pont,92200,Neuilly-sur-Seine,
4486,,,POINT (2.370707010868993 48.82640730778176),,,,,
4501,Commissariat de police de Houilles,police,POINT (2.18637665495364 48.92574845022133),80,Rue Hoche,78800,Houilles,
4509,,,POINT (2.532876874078256 48.93535257369282),6,Rue de la Gare,93270,Sevran,
4511,Commissariat de police de La Garenne-Colombes,police,POINT (2.240353500000016 48.90617709971562),98,Rue Sartoris,92250,La Garenne Colombes,
4525,,police_municipale,POINT (2.589434999999997 48.90358449971623),117,Avenue des Sciences,77500,Chelles,
4548,,police,POINT (2.284441800000006 48.84727509973018),44,Rue Linois,75015,Paris,
4550,,police_municipale,POINT (2.673080744898271 48.76115666256435),6,Rue Jean Mermoz,,,
4555,Commissariat de police de Champigny-sur-Marne,police,POINT (2.550365000000026 48.80699069974022),,,,,
4556,,police,POINT (2.310625200000036 48.60456619979034),,,,,
4571,Gendarmerie - Brigade de Saint-Pierre-du-Perray,gendarmerie,POINT (2.497678465676834 48.61699172294032),,Chemin de Brie,91280,Saint-Pierre-du-Perray,
4574,,,POINT (2.343512499999986 48.85537309972818),,,,,
4596,,,POINT (2.344617300000001 48.86662649972544),,,,,
4625,,police,POINT (2.294398600000002 48.85772399972759),,,,,
4647,,gendarmerie,POINT (2.700353338959431 48.40953594645649),,Rue des Bois,,,
4658,,police_municipale,POINT (2.030389003227881 48.80107468703849),6,Avenue Paul Vaillant Couturier,78390,Bois-d'Arcy,
4660,,,POINT (2.424387228631102 48.73115061960311),,,,,
4673,Service de protection et de sécurisation - Direction de l'ordre public et de la circulation,,POINT (2.36230460000002 48.84136689973164),24-26,Boulevard de l'Hôpital,75005,Paris,
4686,Commissariat de police de Boissy-Saint-Léger,police,POINT (2.503634359671006 48.75402980870809),,,,,
4689,,police_municipale,POINT (2.851162700000045 48.88347629972122),,,,,
4696,Brigade de gendarmerie de Coulommiers,gendarmerie,POINT (3.087604057534806 48.81578362064717),27,,,,
4713,,police_municipale,POINT (2.394988300000019 48.755279799753),111,Rue du Pavé de Grignon,94320,Thiais,
4749,Gendarmerie - Brigade de Lardy,gendarmerie,POINT (2.252780564642352 48.51912566191416),36,Rue de la Roche qui Tourne,,,
4780,,,POINT (2.268811708208613 48.73642750579717),,,,,
4783,,,POINT (2.350887297358829 48.85411173901912),,,,,
4801,,police_municipale,POINT (2.700697400000019 48.87686479972287),,,,,
4818,,police_municipale,POINT (2.246618600000025 48.90735219971531),,,,,
4820,,police_municipale,POINT (2.084244399999982 48.72401189976078),,,,,
4837,,police_municipale,POINT (2.538722197381508 48.95452823143732),,,,,
4844,,police_municipale,POINT (2.187731100000015 48.69943459976686),,,,,
4847,Police municipale intercommunale,police_municipale,POINT (2.188385785869854 48.48975295402311),,,,,
4852,Gendarmerie - Brigade motorisée d'Étampes,gendarmerie,POINT (2.148768300000017 48.44149499983056),76,Avenue du 8 Mai 1945,91150,Étampes,
4877,Commissariat de police de La Défense,police,POINT (2.242211699999997 48.89129899971929),,,,,
4880,,police,POINT (2.301226099999992 48.81987119973702),,,,,
4886,Brigade de gendarmerie de Limay,gendarmerie,POINT (1.736632514380144 48.9949982317766),,,,,
4887,Commissariat de police de Maisons-Laffitte,police,POINT (2.144914800000034 48.94647549970558),10,Rue Jean Mermoz,78600,Maisons-Laffitte,
4895,,police_municipale,POINT (2.249723700000006 48.58715969979468),16,Boulevard Abel Cornaton,91290,Arpajon,
4902,Commissariat de police des Lilas,police,POINT (2.414826499999972 48.8824468997215),,,,,
4908,,,POINT (2.42548843305556 48.81803194021069),47,Rue du Maréchal Leclerc,94410,Saint-Maurice,
4938,Commissariat de police de Fontenay-sous-Bois,police,POINT (2.474570044965252 48.84947327623988),,,,,
4939,Brigade de gendarmerie de Coubert,gendarmerie,POINT (2.692373599999974 48.67208859977363),,,,,
4955,Commissariat de police d'Argenteuil,police,POINT (2.25599130117459 48.94492817676796),,,,,
4957,Commissariat de police d'Alfortville,police,POINT (2.414985700000024 48.80546549974058),,,,,
4968,Brigade de gendarmerie de Bréval,gendarmerie,POINT (1.524755917228254 48.94520033095885),,,,,
4971,Commissariat de police d'Arpajon,police,POINT (2.244451557896519 48.58816410250279),10,Rue du Docteur Louis Babin,91290,Arpajon,
4973,,police_municipale,POINT (2.459813199999975 48.89575299971816),,,,,
4975,Groupement II/1 de Gendarmerie mobile,gendarmerie,POINT (2.432553400000033 48.80809309973991),,Avenue Busteau,94700,,
4994,,,POINT (2.259103341830555 48.97138100967006),44,,,,
5007,Commissariat de la Goutte d'Or,police,POINT (2.351916144986355 48.88534808746993),,,,,
5016,Commissariat de police de Chennevieres-sur-Marne,police,POINT (2.531742299999989 48.79902679974217),,,,,
5020,,police_municipale,POINT (2.479854899999961 48.83655229973289),,,,,
5031,Brigade de gendarmerie de Jouars-Pontchartrain,gendarmerie,POINT (1.894495426885237 48.80437577790208),,,,,
5034,,,POINT (2.32793591218986 48.88117891212212),,,,,
5036,,police,POINT (2.318430000000006 48.84093529973178),,,,,
5040,,,POINT (2.346368300000009 48.85504369972831),,,,,
5060,Commissariat de police de Saint-Maur-des-Fosses,police,POINT (2.489966359665549 48.79552613822431),,,,,
5068,,police_municipale,POINT (2.225659499999983 49.00028839969229),156,Chaussée Jules César,,,
5101,,,POINT (2.345755000000041 48.93563109970828),,,,,
5113,Commissariat de police de Epinay-sur-Seine,police,POINT (2.312599600000016 48.95217469970423),,,,,
5120,Brigade de gendarmerie de Saint-Chéron,gendarmerie,POINT (2.123168600080691 48.55141513371621),6,Impasse Vauvilliers,91530,Saint-Chéron,
5130,,police,POINT (2.300263399999962 48.84143839973166),,,,,
5135,,police_municipale,POINT (2.588950671355697 48.62763325231856),306,Avenue Philippe Bur,77550,Moissy-Cramayel,
5137,Commissariat de police de Franconville,police,POINT (2.227729065377693 48.98491095396667),10,Boulevard Maurice Berteaux,95130,Franconville,
5143,,police_municipale,POINT (2.261152500000022 48.99088719969463),,,,,
5158,Commissariat de police de Livry-Gargan,police,POINT (2.522467000000032 48.91285049971393),,,,,
5161,,police_municipale,POINT (2.224969000000008 48.8714703997242),,Rue du Clos des Ermites,,,
5165,Commissariat de police de La-Celle-Saint-Cloud,police,POINT (2.136579600000035 48.84886359972985),8,Avenue Charles de Gaulle,78170,La Celle-Saint-Cloud,
5179,Commissariat de police de la Plaine-Saint-Denis,police,POINT (2.362185517396555 48.91515621606807),,,,,
5185,Unité de police de quartier Porte Saint-Martin,police,POINT (2.358279200000013 48.87250689972393),,,,,
5189,,police_municipale,POINT (2.407856577124105 48.617792763906),14,Route de Versailles,91080,Évry-Courcouronnes,
5214,,police,POINT (2.419330100000003 48.86754529972517),,,,,
5228,,gendarmerie,POINT (2.267087200000015 48.81931559973717),,,,,
5229,Brigade de gendarmerie d'Ecquevilly,gendarmerie,POINT (1.918157120818436 48.95270466130506),21,Rue du Bel-Air,78920,Ecquevilly,
5232,Commissariat de police de Sèvres,police,POINT (2.209535599999998 48.82331379973613),4,Avenue de l'Europe,92310,Sèvres,
5240,Commissariat de police de Rueil-Malmaison,police,POINT (2.178509700000025 48.87240879972401),13,Rue Charles Floquet,92500,Rueil-Malmaison,
5243,Commissariat de police de Asnières-sur-Seine,police,POINT (2.287844665310839 48.906606643437),12,Rue du Château,92600,Asnières-sur-Seine,
5247,Commissariat central de police de Paris 14e arrondissement,police,POINT (2.332287999999978 48.83200069973397),,,,,
5253,Commissariat de police de Noisiel,police,POINT (2.615137892513343 48.84739319100738),,,,,
5256,Commissariat de police de Bondy,police,POINT (2.485995570436277 48.90145063280931),,,,,
5271,,police,POINT (2.390175300000001 48.84262639973134),,,,,
5294,,police_municipale,POINT (2.309633200000009 48.97142199969942),,,,,
5300,Commissariat de police de Saint-Germain-En-Laye,police,POINT (2.093324699999981 48.89997749971717),19,Rue de Pontoise,78100,Saint-Germain-en-Laye,
5311,Commissariat de police de Pontault-Combault,police,POINT (2.605265200000035 48.7990166997422),162,Avenue de la République,77340,Pontault-Combault,
5320,Brigade de gendarmerie d'Angerville,gendarmerie,POINT (1.999691066935699 48.31511449869106),,Avenue du Général de Gaulle,91670,Angerville,
5327,,police_municipale,POINT (2.568753800000031 48.93623869970818),,,,,
5341,,police,POINT (2.360726600000036 48.7724032997488),,,,,
5348,Commissariat de police de Sarcelles,police,POINT (2.370239642951756 48.97743297595211),,,,,
5359,Commissariat de police de Dammarie-les-Lys,police,POINT (2.628362400000032 48.51865089981157),462,Avenue du Lys,77190,Dammarie Les Lys,
5395,Commissariat de police de Chessy,police,POINT (2.785436206463999 48.86129362731774),,Rue du Grand Secours,77700,Chessy,
5403,,police_municipale,POINT (2.295801599999975 48.69558029976785),,,,,
5406,Gendarmerie - Brigade de Donnemarie-Dontilly,gendarmerie,POINT (3.134150000000015 48.47323529982275),16,Avenue du Ralloy,77520,Donnemarie-Dontilly,
5412,,police_municipale,POINT (2.301698499999985 48.79479599974319),,,,,
5421,,police_municipale,POINT (2.705485169473648 48.23087763530739),,,,,
5422,,,POINT (2.106028399999976 49.04647929968085),,,,,
5427,,police_municipale,POINT (2.32365399999997 48.67205189977366),,,,,
5448,Commissariat de police de Vanves,police,POINT (2.2872071 48.81885989973724),28,Rue Raymond Marcheron,92170,,
5450,,police,POINT (2.3137453 48.9860148996958),6,Rue de Valmy,95160,Montmorency,
5453,,police_municipale,POINT (2.270634900000039 48.88386319972112),,,,,
5455,,police_municipale,POINT (2.112291099999966 48.87849339972249),9,Avenue Simon Vouet,78560,Le Port-Marly,
5467,Commissariat du Quartier de la Muette,police,POINT (2.277309200000025 48.85771789972759),,,,,
5472,Gendarmerie - Peloton motorisé de Coutevroult,gendarmerie,POINT (2.838460970842787 48.85129966710095),,,,,
5496,,police_municipale,POINT (1.942180999999992 48.57256669979826),,,,,
5502,Commissariat de police de Gennevilliers,police,POINT (2.292375699999964 48.92479799971096),19,Avenue de la Libération,92230,Gennevilliers,
